Version;Date_of_report;Date_of_statistics;Security_region_code;Security_region_name;Tested_with_result;Tested_positive
1;2021-06-15 09:00:00;2020-06-01;VR21;Brabant-Noord;61;1
1;2021-06-15 09:00:00;2020-06-02;VR21;Brabant-Noord;282;11
1;2021-06-15 09:00:00;2020-06-03;VR21;Brabant-Noord;435;6
1;2021-06-15 09:00:00;2020-06-04;VR21;Brabant-Noord;387;12
1;2021-06-15 09:00:00;2020-06-05;VR21;Brabant-Noord;371;6
1;2021-06-15 09:00:00;2020-06-06;VR21;Brabant-Noord;351;4
1;2021-06-15 09:00:00;2020-06-07;VR21;Brabant-Noord;264;5
1;2021-06-15 09:00:00;2020-06-08;VR21;Brabant-Noord;410;7
1;2021-06-15 09:00:00;2020-06-09;VR21;Brabant-Noord;382;1
1;2021-06-15 09:00:00;2020-06-10;VR21;Brabant-Noord;398;8
1;2021-06-15 09:00:00;2020-06-11;VR21;Brabant-Noord;386;12
1;2021-06-15 09:00:00;2020-06-12;VR21;Brabant-Noord;368;3
1;2021-06-15 09:00:00;2020-06-13;VR21;Brabant-Noord;325;3
1;2021-06-15 09:00:00;2020-06-14;VR21;Brabant-Noord;217;0
1;2021-06-15 09:00:00;2020-06-15;VR21;Brabant-Noord;409;7
1;2021-06-15 09:00:00;2020-06-16;VR21;Brabant-Noord;493;4
1;2021-06-15 09:00:00;2020-06-17;VR21;Brabant-Noord;483;5
1;2021-06-15 09:00:00;2020-06-18;VR21;Brabant-Noord;467;3
1;2021-06-15 09:00:00;2020-06-19;VR21;Brabant-Noord;429;4
1;2021-06-15 09:00:00;2020-06-20;VR21;Brabant-Noord;276;1
1;2021-06-15 09:00:00;2020-06-21;VR21;Brabant-Noord;163;1
1;2021-06-15 09:00:00;2020-06-22;VR21;Brabant-Noord;434;4
1;2021-06-15 09:00:00;2020-06-23;VR21;Brabant-Noord;433;3
1;2021-06-15 09:00:00;2020-06-24;VR21;Brabant-Noord;298;3
1;2021-06-15 09:00:00;2020-06-25;VR21;Brabant-Noord;360;3
1;2021-06-15 09:00:00;2020-06-26;VR21;Brabant-Noord;334;1
1;2021-06-15 09:00:00;2020-06-27;VR21;Brabant-Noord;290;3
1;2021-06-15 09:00:00;2020-06-28;VR21;Brabant-Noord;221;3
1;2021-06-15 09:00:00;2020-06-29;VR21;Brabant-Noord;267;1
1;2021-06-15 09:00:00;2020-06-30;VR21;Brabant-Noord;542;5
1;2021-06-15 09:00:00;2020-07-01;VR21;Brabant-Noord;405;3
1;2021-06-15 09:00:00;2020-07-02;VR21;Brabant-Noord;501;5
1;2021-06-15 09:00:00;2020-07-03;VR21;Brabant-Noord;382;1
1;2021-06-15 09:00:00;2020-07-04;VR21;Brabant-Noord;254;3
1;2021-06-15 09:00:00;2020-07-05;VR21;Brabant-Noord;154;0
1;2021-06-15 09:00:00;2020-07-06;VR21;Brabant-Noord;292;2
1;2021-06-15 09:00:00;2020-07-07;VR21;Brabant-Noord;441;1
1;2021-06-15 09:00:00;2020-07-08;VR21;Brabant-Noord;449;0
1;2021-06-15 09:00:00;2020-07-09;VR21;Brabant-Noord;478;1
1;2021-06-15 09:00:00;2020-07-10;VR21;Brabant-Noord;422;3
1;2021-06-15 09:00:00;2020-07-11;VR21;Brabant-Noord;351;1
1;2021-06-15 09:00:00;2020-07-12;VR21;Brabant-Noord;188;1
1;2021-06-15 09:00:00;2020-07-13;VR21;Brabant-Noord;311;1
1;2021-06-15 09:00:00;2020-07-14;VR21;Brabant-Noord;497;1
1;2021-06-15 09:00:00;2020-07-15;VR21;Brabant-Noord;481;2
1;2021-06-15 09:00:00;2020-07-16;VR21;Brabant-Noord;439;1
1;2021-06-15 09:00:00;2020-07-17;VR21;Brabant-Noord;544;0
1;2021-06-15 09:00:00;2020-07-18;VR21;Brabant-Noord;491;1
1;2021-06-15 09:00:00;2020-07-19;VR21;Brabant-Noord;368;2
1;2021-06-15 09:00:00;2020-07-20;VR21;Brabant-Noord;342;3
1;2021-06-15 09:00:00;2020-07-21;VR21;Brabant-Noord;519;2
1;2021-06-15 09:00:00;2020-07-22;VR21;Brabant-Noord;616;0
1;2021-06-15 09:00:00;2020-07-23;VR21;Brabant-Noord;720;3
1;2021-06-15 09:00:00;2020-07-24;VR21;Brabant-Noord;599;3
1;2021-06-15 09:00:00;2020-07-25;VR21;Brabant-Noord;582;2
1;2021-06-15 09:00:00;2020-07-26;VR21;Brabant-Noord;531;2
1;2021-06-15 09:00:00;2020-07-27;VR21;Brabant-Noord;482;0
1;2021-06-15 09:00:00;2020-07-28;VR21;Brabant-Noord;648;4
1;2021-06-15 09:00:00;2020-07-29;VR21;Brabant-Noord;570;2
1;2021-06-15 09:00:00;2020-07-30;VR21;Brabant-Noord;514;1
1;2021-06-15 09:00:00;2020-07-31;VR21;Brabant-Noord;506;4
1;2021-06-15 09:00:00;2020-08-01;VR21;Brabant-Noord;316;4
1;2021-06-15 09:00:00;2020-08-02;VR21;Brabant-Noord;207;7
1;2021-06-15 09:00:00;2020-08-03;VR21;Brabant-Noord;422;7
1;2021-06-15 09:00:00;2020-08-04;VR21;Brabant-Noord;610;7
1;2021-06-15 09:00:00;2020-08-05;VR21;Brabant-Noord;506;12
1;2021-06-15 09:00:00;2020-08-06;VR21;Brabant-Noord;437;8
1;2021-06-15 09:00:00;2020-08-07;VR21;Brabant-Noord;458;12
1;2021-06-15 09:00:00;2020-08-08;VR21;Brabant-Noord;446;6
1;2021-06-15 09:00:00;2020-08-09;VR21;Brabant-Noord;410;8
1;2021-06-15 09:00:00;2020-08-10;VR21;Brabant-Noord;416;6
1;2021-06-15 09:00:00;2020-08-11;VR21;Brabant-Noord;589;13
1;2021-06-15 09:00:00;2020-08-12;VR21;Brabant-Noord;470;12
1;2021-06-15 09:00:00;2020-08-13;VR21;Brabant-Noord;477;10
1;2021-06-15 09:00:00;2020-08-14;VR21;Brabant-Noord;419;12
1;2021-06-15 09:00:00;2020-08-15;VR21;Brabant-Noord;454;21
1;2021-06-15 09:00:00;2020-08-16;VR21;Brabant-Noord;436;14
1;2021-06-15 09:00:00;2020-08-17;VR21;Brabant-Noord;567;14
1;2021-06-15 09:00:00;2020-08-18;VR21;Brabant-Noord;601;9
1;2021-06-15 09:00:00;2020-08-19;VR21;Brabant-Noord;788;22
1;2021-06-15 09:00:00;2020-08-20;VR21;Brabant-Noord;844;17
1;2021-06-15 09:00:00;2020-08-21;VR21;Brabant-Noord;916;12
1;2021-06-15 09:00:00;2020-08-22;VR21;Brabant-Noord;776;16
1;2021-06-15 09:00:00;2020-08-23;VR21;Brabant-Noord;564;20
1;2021-06-15 09:00:00;2020-08-24;VR21;Brabant-Noord;818;12
1;2021-06-15 09:00:00;2020-08-25;VR21;Brabant-Noord;943;20
1;2021-06-15 09:00:00;2020-08-26;VR21;Brabant-Noord;760;24
1;2021-06-15 09:00:00;2020-08-27;VR21;Brabant-Noord;975;19
1;2021-06-15 09:00:00;2020-08-28;VR21;Brabant-Noord;923;20
1;2021-06-15 09:00:00;2020-08-29;VR21;Brabant-Noord;720;8
1;2021-06-15 09:00:00;2020-08-30;VR21;Brabant-Noord;773;16
1;2021-06-15 09:00:00;2020-08-31;VR21;Brabant-Noord;406;6
1;2021-06-15 09:00:00;2020-09-01;VR21;Brabant-Noord;1395;17
1;2021-06-15 09:00:00;2020-09-02;VR21;Brabant-Noord;1096;18
1;2021-06-15 09:00:00;2020-09-03;VR21;Brabant-Noord;1002;12
1;2021-06-15 09:00:00;2020-09-04;VR21;Brabant-Noord;1048;24
1;2021-06-15 09:00:00;2020-09-05;VR21;Brabant-Noord;1078;21
1;2021-06-15 09:00:00;2020-09-06;VR21;Brabant-Noord;942;17
1;2021-06-15 09:00:00;2020-09-07;VR21;Brabant-Noord;1151;20
1;2021-06-15 09:00:00;2020-09-08;VR21;Brabant-Noord;1162;13
1;2021-06-15 09:00:00;2020-09-09;VR21;Brabant-Noord;1178;25
1;2021-06-15 09:00:00;2020-09-10;VR21;Brabant-Noord;1309;25
1;2021-06-15 09:00:00;2020-09-11;VR21;Brabant-Noord;1227;24
1;2021-06-15 09:00:00;2020-09-12;VR21;Brabant-Noord;835;22
1;2021-06-15 09:00:00;2020-09-13;VR21;Brabant-Noord;940;28
1;2021-06-15 09:00:00;2020-09-14;VR21;Brabant-Noord;966;34
1;2021-06-15 09:00:00;2020-09-15;VR21;Brabant-Noord;1056;28
1;2021-06-15 09:00:00;2020-09-16;VR21;Brabant-Noord;1305;47
1;2021-06-15 09:00:00;2020-09-17;VR21;Brabant-Noord;1150;45
1;2021-06-15 09:00:00;2020-09-18;VR21;Brabant-Noord;1146;68
1;2021-06-15 09:00:00;2020-09-19;VR21;Brabant-Noord;1146;76
1;2021-06-15 09:00:00;2020-09-20;VR21;Brabant-Noord;1064;66
1;2021-06-15 09:00:00;2020-09-21;VR21;Brabant-Noord;1030;57
1;2021-06-15 09:00:00;2020-09-22;VR21;Brabant-Noord;1153;82
1;2021-06-15 09:00:00;2020-09-23;VR21;Brabant-Noord;1135;54
1;2021-06-15 09:00:00;2020-09-24;VR21;Brabant-Noord;1078;56
1;2021-06-15 09:00:00;2020-09-25;VR21;Brabant-Noord;1180;66
1;2021-06-15 09:00:00;2020-09-26;VR21;Brabant-Noord;1212;65
1;2021-06-15 09:00:00;2020-09-27;VR21;Brabant-Noord;1100;63
1;2021-06-15 09:00:00;2020-09-28;VR21;Brabant-Noord;1113;58
1;2021-06-15 09:00:00;2020-09-29;VR21;Brabant-Noord;1269;107
1;2021-06-15 09:00:00;2020-09-30;VR21;Brabant-Noord;1348;99
1;2021-06-15 09:00:00;2020-10-01;VR21;Brabant-Noord;1251;108
1;2021-06-15 09:00:00;2020-10-02;VR21;Brabant-Noord;1156;85
1;2021-06-15 09:00:00;2020-10-03;VR21;Brabant-Noord;1147;134
1;2021-06-15 09:00:00;2020-10-04;VR21;Brabant-Noord;1038;104
1;2021-06-15 09:00:00;2020-10-05;VR21;Brabant-Noord;1358;165
1;2021-06-15 09:00:00;2020-10-06;VR21;Brabant-Noord;1713;233
1;2021-06-15 09:00:00;2020-10-07;VR21;Brabant-Noord;1722;268
1;2021-06-15 09:00:00;2020-10-08;VR21;Brabant-Noord;1692;229
1;2021-06-15 09:00:00;2020-10-09;VR21;Brabant-Noord;1552;208
1;2021-06-15 09:00:00;2020-10-10;VR21;Brabant-Noord;1385;174
1;2021-06-15 09:00:00;2020-10-11;VR21;Brabant-Noord;1400;217
1;2021-06-15 09:00:00;2020-10-12;VR21;Brabant-Noord;1439;259
1;2021-06-15 09:00:00;2020-10-13;VR21;Brabant-Noord;1672;264
1;2021-06-15 09:00:00;2020-10-14;VR21;Brabant-Noord;1721;281
1;2021-06-15 09:00:00;2020-10-15;VR21;Brabant-Noord;1734;254
1;2021-06-15 09:00:00;2020-10-16;VR21;Brabant-Noord;1759;242
1;2021-06-15 09:00:00;2020-10-17;VR21;Brabant-Noord;1712;225
1;2021-06-15 09:00:00;2020-10-18;VR21;Brabant-Noord;1595;259
1;2021-06-15 09:00:00;2020-10-19;VR21;Brabant-Noord;1655;288
1;2021-06-15 09:00:00;2020-10-20;VR21;Brabant-Noord;1917;340
1;2021-06-15 09:00:00;2020-10-21;VR21;Brabant-Noord;1982;354
1;2021-06-15 09:00:00;2020-10-22;VR21;Brabant-Noord;1958;374
1;2021-06-15 09:00:00;2020-10-23;VR21;Brabant-Noord;1923;374
1;2021-06-15 09:00:00;2020-10-24;VR21;Brabant-Noord;1794;467
1;2021-06-15 09:00:00;2020-10-25;VR21;Brabant-Noord;1806;375
1;2021-06-15 09:00:00;2020-10-26;VR21;Brabant-Noord;1878;371
1;2021-06-15 09:00:00;2020-10-27;VR21;Brabant-Noord;1771;307
1;2021-06-15 09:00:00;2020-10-28;VR21;Brabant-Noord;2082;319
1;2021-06-15 09:00:00;2020-10-29;VR21;Brabant-Noord;1869;277
1;2021-06-15 09:00:00;2020-10-30;VR21;Brabant-Noord;1735;284
1;2021-06-15 09:00:00;2020-10-31;VR21;Brabant-Noord;1556;248
1;2021-06-15 09:00:00;2020-11-01;VR21;Brabant-Noord;1256;236
1;2021-06-15 09:00:00;2020-11-02;VR21;Brabant-Noord;1958;316
1;2021-06-15 09:00:00;2020-11-03;VR21;Brabant-Noord;1519;214
1;2021-06-15 09:00:00;2020-11-04;VR21;Brabant-Noord;1572;223
1;2021-06-15 09:00:00;2020-11-05;VR21;Brabant-Noord;1736;258
1;2021-06-15 09:00:00;2020-11-06;VR21;Brabant-Noord;1311;197
1;2021-06-15 09:00:00;2020-11-07;VR21;Brabant-Noord;1231;175
1;2021-06-15 09:00:00;2020-11-08;VR21;Brabant-Noord;852;127
1;2021-06-15 09:00:00;2020-11-09;VR21;Brabant-Noord;1533;190
1;2021-06-15 09:00:00;2020-11-10;VR21;Brabant-Noord;1590;218
1;2021-06-15 09:00:00;2020-11-11;VR21;Brabant-Noord;1485;226
1;2021-06-15 09:00:00;2020-11-12;VR21;Brabant-Noord;1384;198
1;2021-06-15 09:00:00;2020-11-13;VR21;Brabant-Noord;1256;179
1;2021-06-15 09:00:00;2020-11-14;VR21;Brabant-Noord;889;151
1;2021-06-15 09:00:00;2020-11-15;VR21;Brabant-Noord;1021;164
1;2021-06-15 09:00:00;2020-11-16;VR21;Brabant-Noord;1380;162
1;2021-06-15 09:00:00;2020-11-17;VR21;Brabant-Noord;1548;196
1;2021-06-15 09:00:00;2020-11-18;VR21;Brabant-Noord;1572;167
1;2021-06-15 09:00:00;2020-11-19;VR21;Brabant-Noord;1608;183
1;2021-06-15 09:00:00;2020-11-20;VR21;Brabant-Noord;1515;182
1;2021-06-15 09:00:00;2020-11-21;VR21;Brabant-Noord;1117;130
1;2021-06-15 09:00:00;2020-11-22;VR21;Brabant-Noord;1022;124
1;2021-06-15 09:00:00;2020-11-23;VR21;Brabant-Noord;1494;165
1;2021-06-15 09:00:00;2020-11-24;VR21;Brabant-Noord;1460;154
1;2021-06-15 09:00:00;2020-11-25;VR21;Brabant-Noord;1523;195
1;2021-06-15 09:00:00;2020-11-26;VR21;Brabant-Noord;1763;189
1;2021-06-15 09:00:00;2020-11-27;VR21;Brabant-Noord;1538;180
1;2021-06-15 09:00:00;2020-11-28;VR21;Brabant-Noord;1107;147
1;2021-06-15 09:00:00;2020-11-29;VR21;Brabant-Noord;1104;162
1;2021-06-15 09:00:00;2020-11-30;VR21;Brabant-Noord;1793;194
1;2021-06-15 09:00:00;2020-12-01;VR21;Brabant-Noord;1933;204
1;2021-06-15 09:00:00;2020-12-02;VR21;Brabant-Noord;2000;229
1;2021-06-15 09:00:00;2020-12-03;VR21;Brabant-Noord;2085;272
1;2021-06-15 09:00:00;2020-12-04;VR21;Brabant-Noord;2051;310
1;2021-06-15 09:00:00;2020-12-05;VR21;Brabant-Noord;1478;223
1;2021-06-15 09:00:00;2020-12-06;VR21;Brabant-Noord;1534;239
1;2021-06-15 09:00:00;2020-12-07;VR21;Brabant-Noord;2282;248
1;2021-06-15 09:00:00;2020-12-08;VR21;Brabant-Noord;2182;257
1;2021-06-15 09:00:00;2020-12-09;VR21;Brabant-Noord;2855;322
1;2021-06-15 09:00:00;2020-12-10;VR21;Brabant-Noord;2487;281
1;2021-06-15 09:00:00;2020-12-11;VR21;Brabant-Noord;2706;334
1;2021-06-15 09:00:00;2020-12-12;VR21;Brabant-Noord;2669;333
1;2021-06-15 09:00:00;2020-12-13;VR21;Brabant-Noord;2271;312
1;2021-06-15 09:00:00;2020-12-14;VR21;Brabant-Noord;2817;404
1;2021-06-15 09:00:00;2020-12-15;VR21;Brabant-Noord;2898;390
1;2021-06-15 09:00:00;2020-12-16;VR21;Brabant-Noord;3292;471
1;2021-06-15 09:00:00;2020-12-17;VR21;Brabant-Noord;2956;426
1;2021-06-15 09:00:00;2020-12-18;VR21;Brabant-Noord;2670;452
1;2021-06-15 09:00:00;2020-12-19;VR21;Brabant-Noord;2573;395
1;2021-06-15 09:00:00;2020-12-20;VR21;Brabant-Noord;2272;370
1;2021-06-15 09:00:00;2020-12-21;VR21;Brabant-Noord;3039;369
1;2021-06-15 09:00:00;2020-12-22;VR21;Brabant-Noord;3106;350
1;2021-06-15 09:00:00;2020-12-23;VR21;Brabant-Noord;2923;391
1;2021-06-15 09:00:00;2020-12-24;VR21;Brabant-Noord;2039;304
1;2021-06-15 09:00:00;2020-12-25;VR21;Brabant-Noord;1355;255
1;2021-06-15 09:00:00;2020-12-26;VR21;Brabant-Noord;1584;243
1;2021-06-15 09:00:00;2020-12-27;VR21;Brabant-Noord;1871;270
1;2021-06-15 09:00:00;2020-12-28;VR21;Brabant-Noord;2464;333
1;2021-06-15 09:00:00;2020-12-29;VR21;Brabant-Noord;2793;322
1;2021-06-15 09:00:00;2020-12-30;VR21;Brabant-Noord;2602;367
1;2021-06-15 09:00:00;2020-12-31;VR21;Brabant-Noord;1570;237
1;2021-06-15 09:00:00;2021-01-01;VR21;Brabant-Noord;1287;207
1;2021-06-15 09:00:00;2021-01-02;VR21;Brabant-Noord;2154;303
1;2021-06-15 09:00:00;2021-01-03;VR21;Brabant-Noord;1743;280
1;2021-06-15 09:00:00;2021-01-04;VR21;Brabant-Noord;2161;351
1;2021-06-15 09:00:00;2021-01-05;VR21;Brabant-Noord;2428;342
1;2021-06-15 09:00:00;2021-01-06;VR21;Brabant-Noord;2489;347
1;2021-06-15 09:00:00;2021-01-07;VR21;Brabant-Noord;2148;276
1;2021-06-15 09:00:00;2021-01-08;VR21;Brabant-Noord;2026;289
1;2021-06-15 09:00:00;2021-01-09;VR21;Brabant-Noord;1566;184
1;2021-06-15 09:00:00;2021-01-10;VR21;Brabant-Noord;1389;179
1;2021-06-15 09:00:00;2021-01-11;VR21;Brabant-Noord;1817;197
1;2021-06-15 09:00:00;2021-01-12;VR21;Brabant-Noord;1678;191
1;2021-06-15 09:00:00;2021-01-13;VR21;Brabant-Noord;1761;215
1;2021-06-15 09:00:00;2021-01-14;VR21;Brabant-Noord;1849;238
1;2021-06-15 09:00:00;2021-01-15;VR21;Brabant-Noord;1660;209
1;2021-06-15 09:00:00;2021-01-16;VR21;Brabant-Noord;1525;195
1;2021-06-15 09:00:00;2021-01-17;VR21;Brabant-Noord;1249;169
1;2021-06-15 09:00:00;2021-01-18;VR21;Brabant-Noord;1630;189
1;2021-06-15 09:00:00;2021-01-19;VR21;Brabant-Noord;1740;185
1;2021-06-15 09:00:00;2021-01-20;VR21;Brabant-Noord;1820;198
1;2021-06-15 09:00:00;2021-01-21;VR21;Brabant-Noord;1699;189
1;2021-06-15 09:00:00;2021-01-22;VR21;Brabant-Noord;1437;164
1;2021-06-15 09:00:00;2021-01-23;VR21;Brabant-Noord;1280;162
1;2021-06-15 09:00:00;2021-01-24;VR21;Brabant-Noord;1121;162
1;2021-06-15 09:00:00;2021-01-25;VR21;Brabant-Noord;1538;184
1;2021-06-15 09:00:00;2021-01-26;VR21;Brabant-Noord;1332;168
1;2021-06-15 09:00:00;2021-01-27;VR21;Brabant-Noord;1387;178
1;2021-06-15 09:00:00;2021-01-28;VR21;Brabant-Noord;1345;125
1;2021-06-15 09:00:00;2021-01-29;VR21;Brabant-Noord;1196;146
1;2021-06-15 09:00:00;2021-01-30;VR21;Brabant-Noord;1041;160
1;2021-06-15 09:00:00;2021-01-31;VR21;Brabant-Noord;864;121
1;2021-06-15 09:00:00;2021-02-01;VR21;Brabant-Noord;1588;191
1;2021-06-15 09:00:00;2021-02-02;VR21;Brabant-Noord;1406;151
1;2021-06-15 09:00:00;2021-02-03;VR21;Brabant-Noord;1454;150
1;2021-06-15 09:00:00;2021-02-04;VR21;Brabant-Noord;1447;160
1;2021-06-15 09:00:00;2021-02-05;VR21;Brabant-Noord;1417;175
1;2021-06-15 09:00:00;2021-02-06;VR21;Brabant-Noord;1234;153
1;2021-06-15 09:00:00;2021-02-07;VR21;Brabant-Noord;3;1
1;2021-06-15 09:00:00;2021-02-08;VR21;Brabant-Noord;1291;168
1;2021-06-15 09:00:00;2021-02-09;VR21;Brabant-Noord;750;69
1;2021-06-15 09:00:00;2021-02-10;VR21;Brabant-Noord;1294;158
1;2021-06-15 09:00:00;2021-02-11;VR21;Brabant-Noord;1228;127
1;2021-06-15 09:00:00;2021-02-12;VR21;Brabant-Noord;1037;105
1;2021-06-15 09:00:00;2021-02-13;VR21;Brabant-Noord;892;103
1;2021-06-15 09:00:00;2021-02-14;VR21;Brabant-Noord;858;124
1;2021-06-15 09:00:00;2021-02-15;VR21;Brabant-Noord;742;71
1;2021-06-15 09:00:00;2021-02-16;VR21;Brabant-Noord;1675;177
1;2021-06-15 09:00:00;2021-02-17;VR21;Brabant-Noord;1791;223
1;2021-06-15 09:00:00;2021-02-18;VR21;Brabant-Noord;1608;196
1;2021-06-15 09:00:00;2021-02-19;VR21;Brabant-Noord;1620;187
1;2021-06-15 09:00:00;2021-02-20;VR21;Brabant-Noord;1570;171
1;2021-06-15 09:00:00;2021-02-21;VR21;Brabant-Noord;1415;176
1;2021-06-15 09:00:00;2021-02-22;VR21;Brabant-Noord;1859;197
1;2021-06-15 09:00:00;2021-02-23;VR21;Brabant-Noord;2134;260
1;2021-06-15 09:00:00;2021-02-24;VR21;Brabant-Noord;2196;197
1;2021-06-15 09:00:00;2021-02-25;VR21;Brabant-Noord;1975;195
1;2021-06-15 09:00:00;2021-02-26;VR21;Brabant-Noord;1999;200
1;2021-06-15 09:00:00;2021-02-27;VR21;Brabant-Noord;1915;167
1;2021-06-15 09:00:00;2021-02-28;VR21;Brabant-Noord;1741;175
1;2021-06-15 09:00:00;2021-03-01;VR21;Brabant-Noord;2484;216
1;2021-06-15 09:00:00;2021-03-02;VR21;Brabant-Noord;2783;232
1;2021-06-15 09:00:00;2021-03-03;VR21;Brabant-Noord;2689;189
1;2021-06-15 09:00:00;2021-03-04;VR21;Brabant-Noord;2377;212
1;2021-06-15 09:00:00;2021-03-05;VR21;Brabant-Noord;2362;201
1;2021-06-15 09:00:00;2021-03-06;VR21;Brabant-Noord;2367;169
1;2021-06-15 09:00:00;2021-03-07;VR21;Brabant-Noord;2389;193
1;2021-06-15 09:00:00;2021-03-08;VR21;Brabant-Noord;3059;200
1;2021-06-15 09:00:00;2021-03-09;VR21;Brabant-Noord;2566;189
1;2021-06-15 09:00:00;2021-03-10;VR21;Brabant-Noord;4338;316
1;2021-06-15 09:00:00;2021-03-11;VR21;Brabant-Noord;3665;261
1;2021-06-15 09:00:00;2021-03-12;VR21;Brabant-Noord;3112;307
1;2021-06-15 09:00:00;2021-03-13;VR21;Brabant-Noord;2601;214
1;2021-06-15 09:00:00;2021-03-14;VR21;Brabant-Noord;2682;211
1;2021-06-15 09:00:00;2021-03-15;VR21;Brabant-Noord;3771;281
1;2021-06-15 09:00:00;2021-03-16;VR21;Brabant-Noord;3271;245
1;2021-06-15 09:00:00;2021-03-17;VR21;Brabant-Noord;3841;330
1;2021-06-15 09:00:00;2021-03-18;VR21;Brabant-Noord;3214;245
1;2021-06-15 09:00:00;2021-03-19;VR21;Brabant-Noord;3156;282
1;2021-06-15 09:00:00;2021-03-20;VR21;Brabant-Noord;2891;260
1;2021-06-15 09:00:00;2021-03-21;VR21;Brabant-Noord;2976;237
1;2021-06-15 09:00:00;2021-03-22;VR21;Brabant-Noord;3859;311
1;2021-06-15 09:00:00;2021-03-23;VR21;Brabant-Noord;3750;326
1;2021-06-15 09:00:00;2021-03-24;VR21;Brabant-Noord;3704;288
1;2021-06-15 09:00:00;2021-03-25;VR21;Brabant-Noord;3449;329
1;2021-06-15 09:00:00;2021-03-26;VR21;Brabant-Noord;2679;274
1;2021-06-15 09:00:00;2021-03-27;VR21;Brabant-Noord;2563;265
1;2021-06-15 09:00:00;2021-03-28;VR21;Brabant-Noord;2571;230
1;2021-06-15 09:00:00;2021-03-29;VR21;Brabant-Noord;3658;310
1;2021-06-15 09:00:00;2021-03-30;VR21;Brabant-Noord;3457;343
1;2021-06-15 09:00:00;2021-03-31;VR21;Brabant-Noord;3395;293
1;2021-06-15 09:00:00;2021-04-01;VR21;Brabant-Noord;2944;282
1;2021-06-15 09:00:00;2021-04-02;VR21;Brabant-Noord;2542;235
1;2021-06-15 09:00:00;2021-04-03;VR21;Brabant-Noord;2743;290
1;2021-06-15 09:00:00;2021-04-04;VR21;Brabant-Noord;2266;236
1;2021-06-15 09:00:00;2021-04-05;VR21;Brabant-Noord;3100;290
1;2021-06-15 09:00:00;2021-04-06;VR21;Brabant-Noord;3783;381
1;2021-06-15 09:00:00;2021-04-07;VR21;Brabant-Noord;3756;365
1;2021-06-15 09:00:00;2021-04-08;VR21;Brabant-Noord;3250;369
1;2021-06-15 09:00:00;2021-04-09;VR21;Brabant-Noord;2771;338
1;2021-06-15 09:00:00;2021-04-10;VR21;Brabant-Noord;2705;353
1;2021-06-15 09:00:00;2021-04-11;VR21;Brabant-Noord;2902;302
1;2021-06-15 09:00:00;2021-04-12;VR21;Brabant-Noord;3171;354
1;2021-06-15 09:00:00;2021-04-13;VR21;Brabant-Noord;3319;370
1;2021-06-15 09:00:00;2021-04-14;VR21;Brabant-Noord;3796;344
1;2021-06-15 09:00:00;2021-04-15;VR21;Brabant-Noord;3239;370
1;2021-06-15 09:00:00;2021-04-16;VR21;Brabant-Noord;2732;348
1;2021-06-15 09:00:00;2021-04-17;VR21;Brabant-Noord;2668;344
1;2021-06-15 09:00:00;2021-04-18;VR21;Brabant-Noord;2980;325
1;2021-06-15 09:00:00;2021-04-19;VR21;Brabant-Noord;3430;384
1;2021-06-15 09:00:00;2021-04-20;VR21;Brabant-Noord;3448;429
1;2021-06-15 09:00:00;2021-04-21;VR21;Brabant-Noord;3797;425
1;2021-06-15 09:00:00;2021-04-22;VR21;Brabant-Noord;3280;417
1;2021-06-15 09:00:00;2021-04-23;VR21;Brabant-Noord;2709;344
1;2021-06-15 09:00:00;2021-04-24;VR21;Brabant-Noord;2756;373
1;2021-06-15 09:00:00;2021-04-25;VR21;Brabant-Noord;2912;364
1;2021-06-15 09:00:00;2021-04-26;VR21;Brabant-Noord;3223;397
1;2021-06-15 09:00:00;2021-04-27;VR21;Brabant-Noord;2826;403
1;2021-06-15 09:00:00;2021-04-28;VR21;Brabant-Noord;3646;428
1;2021-06-15 09:00:00;2021-04-29;VR21;Brabant-Noord;3145;408
1;2021-06-15 09:00:00;2021-04-30;VR21;Brabant-Noord;2714;416
1;2021-06-15 09:00:00;2021-05-01;VR21;Brabant-Noord;2571;359
1;2021-06-15 09:00:00;2021-05-02;VR21;Brabant-Noord;2200;330
1;2021-06-15 09:00:00;2021-05-03;VR21;Brabant-Noord;2662;344
1;2021-06-15 09:00:00;2021-05-04;VR21;Brabant-Noord;2782;381
1;2021-06-15 09:00:00;2021-05-05;VR21;Brabant-Noord;2918;379
1;2021-06-15 09:00:00;2021-05-06;VR21;Brabant-Noord;2423;338
1;2021-06-15 09:00:00;2021-05-07;VR21;Brabant-Noord;2252;309
1;2021-06-15 09:00:00;2021-05-08;VR21;Brabant-Noord;2004;335
1;2021-06-15 09:00:00;2021-05-09;VR21;Brabant-Noord;1767;286
1;2021-06-15 09:00:00;2021-05-10;VR21;Brabant-Noord;2058;294
1;2021-06-15 09:00:00;2021-05-11;VR21;Brabant-Noord;2033;307
1;2021-06-15 09:00:00;2021-05-12;VR21;Brabant-Noord;1863;286
1;2021-06-15 09:00:00;2021-05-13;VR21;Brabant-Noord;1596;244
1;2021-06-15 09:00:00;2021-05-14;VR21;Brabant-Noord;1598;207
1;2021-06-15 09:00:00;2021-05-15;VR21;Brabant-Noord;1498;216
1;2021-06-15 09:00:00;2021-05-16;VR21;Brabant-Noord;1528;212
1;2021-06-15 09:00:00;2021-05-17;VR21;Brabant-Noord;1857;257
1;2021-06-15 09:00:00;2021-05-18;VR21;Brabant-Noord;1549;227
1;2021-06-15 09:00:00;2021-05-19;VR21;Brabant-Noord;1687;255
1;2021-06-15 09:00:00;2021-05-20;VR21;Brabant-Noord;1651;206
1;2021-06-15 09:00:00;2021-05-21;VR21;Brabant-Noord;1421;150
1;2021-06-15 09:00:00;2021-05-22;VR21;Brabant-Noord;1435;160
1;2021-06-15 09:00:00;2021-05-23;VR21;Brabant-Noord;1345;142
1;2021-06-15 09:00:00;2021-05-24;VR21;Brabant-Noord;1236;119
1;2021-06-15 09:00:00;2021-05-25;VR21;Brabant-Noord;1532;155
1;2021-06-15 09:00:00;2021-05-26;VR21;Brabant-Noord;1542;186
1;2021-06-15 09:00:00;2021-05-27;VR21;Brabant-Noord;1296;140
1;2021-06-15 09:00:00;2021-05-28;VR21;Brabant-Noord;1191;153
1;2021-06-15 09:00:00;2021-05-29;VR21;Brabant-Noord;995;86
1;2021-06-15 09:00:00;2021-05-30;VR21;Brabant-Noord;909;94
1;2021-06-15 09:00:00;2021-05-31;VR21;Brabant-Noord;1415;126
1;2021-06-15 09:00:00;2021-06-01;VR21;Brabant-Noord;1288;127
1;2021-06-15 09:00:00;2021-06-02;VR21;Brabant-Noord;1262;115
1;2021-06-15 09:00:00;2021-06-03;VR21;Brabant-Noord;1118;102
1;2021-06-15 09:00:00;2021-06-04;VR21;Brabant-Noord;934;85
1;2021-06-15 09:00:00;2021-06-05;VR21;Brabant-Noord;868;73
1;2021-06-15 09:00:00;2021-06-06;VR21;Brabant-Noord;814;82
1;2021-06-15 09:00:00;2021-06-07;VR21;Brabant-Noord;665;34
1;2021-06-15 09:00:00;2021-06-08;VR21;Brabant-Noord;1149;73
1;2021-06-15 09:00:00;2021-06-09;VR21;Brabant-Noord;1294;81
1;2021-06-15 09:00:00;2021-06-10;VR21;Brabant-Noord;961;53
1;2021-06-15 09:00:00;2021-06-11;VR21;Brabant-Noord;789;45
1;2021-06-15 09:00:00;2021-06-12;VR21;Brabant-Noord;751;49
1;2021-06-15 09:00:00;2021-06-13;VR21;Brabant-Noord;587;30
